case_id,sample_type,incident_id,weak_label_p1p4,priority_recommended,llm_model,legal_citations,activated_rules_summary,explanation_text,fidelity_score,passed,failed_checks,priority_alignment,rule_traceability,signal_coverage,legal_traceability,no_contradiction,confidence_disclaimer
REV-001,balanced_p1,1241431594407,P1,P1,degraded-static-v0.1.0,2,3,Incidente clasificado como MÁXIMA URGENCIA (P1). Reglas activadas: riesgo_vital_textual > 0.500 & signal_accidente_trafico > 0.500 & signal_rescate > 0.500; riesgo_vital_textual > 0.500 & cat_sanitario <= 0.500 & signal_fallecido > 0.500; signal_intoxicacion > 0.500 & signal_varias_llamadas > 0.500.,0.971429,True,,2.0,2.0,1.714286,2.0,1.0,1.0
REV-002,balanced_p1,1253613608998,P1,P1,degraded-static-v0.1.0,2,3,Incidente clasificado como MÁXIMA URGENCIA (P1). Reglas activadas: riesgo_vital_textual > 0.500 & signal_accidente_trafico > 0.500 & signal_rescate > 0.500; riesgo_vital_textual > 0.500 & cat_sanitario <= 0.500 & signal_fallecido > 0.500; signal_intoxicacion > 0.500 & signal_varias_llamadas > 0.500.,0.971429,True,,2.0,2.0,1.714286,2.0,1.0,1.0
REV-003,balanced_p1,1284188710078,P1,P1,degraded-static-v0.1.0,2,3,Incidente clasificado como MÁXIMA URGENCIA (P1). Reglas activadas: riesgo_vital_textual > 0.500 & signal_accidente_trafico > 0.500 & signal_rescate > 0.500; riesgo_vital_textual > 0.500 & cat_sanitario <= 0.500 & signal_fallecido > 0.500; signal_intoxicacion > 0.500 & signal_varias_llamadas > 0.500.,0.95,True,,2.0,2.0,1.5,2.0,1.0,1.0
REV-004,balanced_p1,1284207719057,P1,P1,degraded-static-v0.1.0,2,3,Incidente clasificado como MÁXIMA URGENCIA (P1). Reglas activadas: riesgo_vital_textual > 0.500 & signal_accidente_trafico > 0.500 & signal_rescate > 0.500; riesgo_vital_textual > 0.500 & cat_sanitario <= 0.500 & signal_fallecido > 0.500; signal_intoxicacion > 0.500 & signal_varias_llamadas > 0.500.,1.0,True,,2.0,2.0,2.0,2.0,1.0,1.0
REV-005,balanced_p1,1284268938207,P1,P1,degraded-static-v0.1.0,2,3,Incidente clasificado como MÁXIMA URGENCIA (P1). Reglas activadas: riesgo_vital_textual > 0.500 & signal_accidente_trafico > 0.500 & signal_rescate > 0.500; riesgo_vital_textual > 0.500 & cat_sanitario <= 0.500 & signal_fallecido > 0.500; signal_intoxicacion > 0.500 & signal_varias_llamadas > 0.500.,0.971429,True,,2.0,2.0,1.714286,2.0,1.0,1.0
REV-006,balanced_p1,1284279663572,P1,P1,degraded-static-v0.1.0,2,3,Incidente clasificado como MÁXIMA URGENCIA (P1). Reglas activadas: riesgo_vital_textual > 0.500 & signal_accidente_trafico > 0.500 & signal_rescate > 0.500; riesgo_vital_textual > 0.500 & cat_sanitario <= 0.500 & signal_fallecido > 0.500; signal_intoxicacion > 0.500 & signal_varias_llamadas > 0.500.,0.971429,True,,2.0,2.0,1.714286,2.0,1.0,1.0
REV-007,balanced_p1,1284295430014,P1,P1,degraded-static-v0.1.0,2,3,Incidente clasificado como MÁXIMA URGENCIA (P1). Reglas activadas: riesgo_vital_textual > 0.500 & signal_accidente_trafico > 0.500 & signal_rescate > 0.500; riesgo_vital_textual > 0.500 & cat_sanitario <= 0.500 & signal_fallecido > 0.500; signal_intoxicacion > 0.500 & signal_varias_llamadas > 0.500.,0.971429,True,,2.0,2.0,1.714286,2.0,1.0,1.0
REV-008,balanced_p1,1284297712741,P1,P1,degraded-static-v0.1.0,2,3,Incidente clasificado como MÁXIMA URGENCIA (P1). Reglas activadas: riesgo_vital_textual > 0.500 & signal_accidente_trafico > 0.500 & signal_rescate > 0.500; riesgo_vital_textual > 0.500 & cat_sanitario <= 0.500 & signal_fallecido > 0.500; signal_intoxicacion > 0.500 & signal_varias_llamadas > 0.500.,1.0,True,,2.0,2.0,2.0,2.0,1.0,1.0
REV-009,balanced_p1,1284396407503,P1,P1,degraded-static-v0.1.0,2,3,Incidente clasificado como MÁXIMA URGENCIA (P1). Reglas activadas: riesgo_vital_textual > 0.500 & signal_accidente_trafico > 0.500 & signal_rescate > 0.500; riesgo_vital_textual > 0.500 & cat_sanitario <= 0.500 & signal_fallecido > 0.500; signal_intoxicacion > 0.500 & signal_varias_llamadas > 0.500.,0.971429,True,,2.0,2.0,1.714286,2.0,1.0,1.0
REV-010,balanced_p1,1284654763201,P1,P1,degraded-static-v0.1.0,2,3,Incidente clasificado como MÁXIMA URGENCIA (P1). Reglas activadas: riesgo_vital_textual > 0.500 & signal_accidente_trafico > 0.500 & signal_rescate > 0.500; riesgo_vital_textual > 0.500 & cat_sanitario <= 0.500 & signal_fallecido > 0.500; signal_intoxicacion > 0.500 & signal_varias_llamadas > 0.500.,0.971429,True,,2.0,2.0,1.714286,2.0,1.0,1.0
REV-011,balanced_p1,1284879778545,P1,P1,degraded-static-v0.1.0,2,3,Incidente clasificado como MÁXIMA URGENCIA (P1). Reglas activadas: riesgo_vital_textual > 0.500 & signal_accidente_trafico > 0.500 & signal_rescate > 0.500; riesgo_vital_textual > 0.500 & cat_sanitario <= 0.500 & signal_fallecido > 0.500; signal_intoxicacion > 0.500 & signal_varias_llamadas > 0.500.,0.971429,True,,2.0,2.0,1.714286,2.0,1.0,1.0
REV-012,balanced_p1,1284922306697,P1,P1,degraded-static-v0.1.0,2,3,Incidente clasificado como MÁXIMA URGENCIA (P1). Reglas activadas: riesgo_vital_textual > 0.500 & signal_accidente_trafico > 0.500 & signal_rescate > 0.500; riesgo_vital_textual > 0.500 & cat_sanitario <= 0.500 & signal_fallecido > 0.500; signal_intoxicacion > 0.500 & signal_varias_llamadas > 0.500.,0.971429,True,,2.0,2.0,1.714286,2.0,1.0,1.0
REV-013,balanced_p1,1285139840066,P1,P1,degraded-static-v0.1.0,2,3,Incidente clasificado como MÁXIMA URGENCIA (P1). Reglas activadas: riesgo_vital_textual > 0.500 & signal_accidente_trafico > 0.500 & signal_rescate > 0.500; riesgo_vital_textual > 0.500 & cat_sanitario <= 0.500 & signal_fallecido > 0.500; signal_intoxicacion > 0.500 & signal_varias_llamadas > 0.500.,0.971429,True,,2.0,2.0,1.714286,2.0,1.0,1.0
REV-014,balanced_p1,1285180907047,P1,P1,degraded-static-v0.1.0,2,3,Incidente clasificado como MÁXIMA URGENCIA (P1). Reglas activadas: riesgo_vital_textual > 0.500 & signal_accidente_trafico > 0.500 & signal_rescate > 0.500; riesgo_vital_textual > 0.500 & cat_sanitario <= 0.500 & signal_fallecido > 0.500; signal_intoxicacion > 0.500 & signal_varias_llamadas > 0.500.,0.971429,True,,2.0,2.0,1.714286,2.0,1.0,1.0
REV-015,balanced_p1,1285228509204,P1,P1,degraded-static-v0.1.0,3,3,Incidente clasificado como MÁXIMA URGENCIA (P1). Reglas activadas: riesgo_vital_textual > 0.500 & signal_accidente_trafico > 0.500 & signal_rescate > 0.500; riesgo_vital_textual > 0.500 & cat_sanitario <= 0.500 & signal_fallecido > 0.500; signal_intoxicacion > 0.500 & signal_varias_llamadas > 0.500.,0.971429,True,,2.0,2.0,1.714286,2.0,1.0,1.0
REV-016,balanced_p2,1270037480664,P2,P2,degraded-static-v0.1.0,3,3,Incidente clasificado como URGENCIA ALTA (P2). Reglas activadas: riesgo_vital_textual <= 0.500 & signal_meteo_inundacion <= 0.500 & signal_varias_llamadas <= 0.500; riesgo_vital_textual <= 0.500 & signal_accidente_trafico > 0.500 & signal_incendio > 0.500; riesgo_vital_textual > 0.500 & signal_accidente_trafico > 0.500 & signal_rescate > 0.500.,0.942857,True,,2.0,2.0,1.428571,2.0,1.0,1.0
REV-017,balanced_p2,1284141201899,P2,P2,degraded-static-v0.1.0,2,3,Incidente clasificado como URGENCIA ALTA (P2). Reglas activadas: riesgo_vital_textual <= 0.500 & signal_meteo_inundacion <= 0.500 & signal_varias_llamadas <= 0.500; riesgo_vital_textual <= 0.500 & signal_accidente_trafico > 0.500 & signal_incendio > 0.500; riesgo_vital_textual > 0.500 & signal_accidente_trafico > 0.500 & signal_rescate > 0.500.,0.966667,True,,2.0,2.0,1.666667,2.0,1.0,1.0
REV-018,balanced_p2,1284233595466,P2,P2,degraded-static-v0.1.0,2,3,Incidente clasificado como URGENCIA ALTA (P2). Reglas activadas: riesgo_vital_textual <= 0.500 & signal_meteo_inundacion <= 0.500 & signal_varias_llamadas <= 0.500; riesgo_vital_textual <= 0.500 & signal_accidente_trafico > 0.500 & signal_incendio > 0.500; riesgo_vital_textual > 0.500 & signal_accidente_trafico > 0.500 & signal_rescate > 0.500.,0.966667,True,,2.0,2.0,1.666667,2.0,1.0,1.0
REV-019,balanced_p2,1284240845489,P2,P1,degraded-static-v0.1.0,2,3,Incidente clasificado como MÁXIMA URGENCIA (P1). Reglas activadas: riesgo_vital_textual > 0.500 & signal_accidente_trafico > 0.500 & signal_rescate > 0.500; riesgo_vital_textual > 0.500 & cat_sanitario <= 0.500 & signal_fallecido > 0.500; signal_intoxicacion > 0.500 & signal_varias_llamadas > 0.500.,0.971429,True,,2.0,2.0,1.714286,2.0,1.0,1.0
REV-020,balanced_p2,1284289786902,P2,P2,degraded-static-v0.1.0,3,3,Incidente clasificado como URGENCIA ALTA (P2). Reglas activadas: riesgo_vital_textual <= 0.500 & signal_meteo_inundacion <= 0.500 & signal_varias_llamadas <= 0.500; riesgo_vital_textual <= 0.500 & signal_accidente_trafico > 0.500 & signal_incendio > 0.500; riesgo_vital_textual > 0.500 & signal_accidente_trafico > 0.500 & signal_rescate > 0.500.,0.942857,True,,2.0,2.0,1.428571,2.0,1.0,1.0
REV-021,balanced_p2,1284347677051,P2,P2,degraded-static-v0.1.0,2,3,Incidente clasificado como URGENCIA ALTA (P2). Reglas activadas: riesgo_vital_textual <= 0.500 & signal_meteo_inundacion <= 0.500 & signal_varias_llamadas <= 0.500; riesgo_vital_textual <= 0.500 & signal_accidente_trafico > 0.500 & signal_incendio > 0.500; riesgo_vital_textual > 0.500 & signal_accidente_trafico > 0.500 & signal_rescate > 0.500.,0.966667,True,,2.0,2.0,1.666667,2.0,1.0,1.0
REV-022,balanced_p2,1284399529805,P2,P2,degraded-static-v0.1.0,3,3,Incidente clasificado como URGENCIA ALTA (P2). Reglas activadas: riesgo_vital_textual <= 0.500 & signal_meteo_inundacion <= 0.500 & signal_varias_llamadas <= 0.500; riesgo_vital_textual <= 0.500 & signal_accidente_trafico > 0.500 & signal_incendio > 0.500; riesgo_vital_textual > 0.500 & signal_accidente_trafico > 0.500 & signal_rescate > 0.500.,0.942857,True,,2.0,2.0,1.428571,2.0,1.0,1.0
REV-023,balanced_p2,1284528698983,P2,P1,degraded-static-v0.1.0,2,3,Incidente clasificado como MÁXIMA URGENCIA (P1). Reglas activadas: riesgo_vital_textual > 0.500 & signal_accidente_trafico > 0.500 & signal_rescate > 0.500; riesgo_vital_textual > 0.500 & cat_sanitario <= 0.500 & signal_fallecido > 0.500; signal_intoxicacion > 0.500 & signal_varias_llamadas > 0.500.,0.971429,True,,2.0,2.0,1.714286,2.0,1.0,1.0
REV-024,balanced_p2,1284832027951,P2,P2,degraded-static-v0.1.0,3,3,Incidente clasificado como URGENCIA ALTA (P2). Reglas activadas: riesgo_vital_textual <= 0.500 & signal_meteo_inundacion <= 0.500 & signal_varias_llamadas <= 0.500; riesgo_vital_textual <= 0.500 & signal_accidente_trafico > 0.500 & signal_incendio > 0.500; riesgo_vital_textual > 0.500 & signal_accidente_trafico > 0.500 & signal_rescate > 0.500.,0.942857,True,,2.0,2.0,1.428571,2.0,1.0,1.0
REV-025,balanced_p2,1284959725274,P2,P2,degraded-static-v0.1.0,2,3,Incidente clasificado como URGENCIA ALTA (P2). Reglas activadas: riesgo_vital_textual <= 0.500 & signal_meteo_inundacion <= 0.500 & signal_varias_llamadas <= 0.500; riesgo_vital_textual <= 0.500 & signal_accidente_trafico > 0.500 & signal_incendio > 0.500; riesgo_vital_textual > 0.500 & signal_accidente_trafico > 0.500 & signal_rescate > 0.500.,0.966667,True,,2.0,2.0,1.666667,2.0,1.0,1.0
REV-026,balanced_p2,1285058817997,P2,P2,degraded-static-v0.1.0,2,3,Incidente clasificado como URGENCIA ALTA (P2). Reglas activadas: riesgo_vital_textual <= 0.500 & signal_meteo_inundacion <= 0.500 & signal_varias_llamadas <= 0.500; riesgo_vital_textual <= 0.500 & signal_accidente_trafico > 0.500 & signal_incendio > 0.500; riesgo_vital_textual > 0.500 & signal_accidente_trafico > 0.500 & signal_rescate > 0.500.,0.942857,True,,2.0,2.0,1.428571,2.0,1.0,1.0
REV-027,balanced_p2,1285111015362,P2,P2,degraded-static-v0.1.0,3,3,Incidente clasificado como URGENCIA ALTA (P2). Reglas activadas: riesgo_vital_textual <= 0.500 & signal_meteo_inundacion <= 0.500 & signal_varias_llamadas <= 0.500; riesgo_vital_textual <= 0.500 & signal_accidente_trafico > 0.500 & signal_incendio > 0.500; riesgo_vital_textual > 0.500 & signal_accidente_trafico > 0.500 & signal_rescate > 0.500.,0.942857,True,,2.0,2.0,1.428571,2.0,1.0,1.0
REV-028,balanced_p2,1285173772617,P2,P2,degraded-static-v0.1.0,2,3,Incidente clasificado como URGENCIA ALTA (P2). Reglas activadas: riesgo_vital_textual <= 0.500 & signal_meteo_inundacion <= 0.500 & signal_varias_llamadas <= 0.500; riesgo_vital_textual <= 0.500 & signal_accidente_trafico > 0.500 & signal_incendio > 0.500; riesgo_vital_textual > 0.500 & signal_accidente_trafico > 0.500 & signal_rescate > 0.500.,0.966667,True,,2.0,2.0,1.666667,2.0,1.0,1.0
REV-029,balanced_p2,1285219560079,P2,P2,degraded-static-v0.1.0,3,3,Incidente clasificado como URGENCIA ALTA (P2). Reglas activadas: riesgo_vital_textual <= 0.500 & signal_meteo_inundacion <= 0.500 & signal_varias_llamadas <= 0.500; riesgo_vital_textual <= 0.500 & signal_accidente_trafico > 0.500 & signal_incendio > 0.500; riesgo_vital_textual > 0.500 & signal_accidente_trafico > 0.500 & signal_rescate > 0.500.,0.942857,True,,2.0,2.0,1.428571,2.0,1.0,1.0
REV-030,balanced_p2,1285221542249,P2,P2,degraded-static-v0.1.0,2,3,Incidente clasificado como URGENCIA ALTA (P2). Reglas activadas: riesgo_vital_textual <= 0.500 & signal_meteo_inundacion <= 0.500 & signal_varias_llamadas <= 0.500; riesgo_vital_textual <= 0.500 & signal_accidente_trafico > 0.500 & signal_incendio > 0.500; riesgo_vital_textual > 0.500 & signal_accidente_trafico > 0.500 & signal_rescate > 0.500.,0.966667,True,,2.0,2.0,1.666667,2.0,1.0,1.0
REV-031,balanced_p3,1265032481550,P3,P3,degraded-static-v0.1.0,2,3,Incidente clasificado como URGENCIA MEDIA (P3). Reglas activadas: signal_accidente_trafico <= 0.500 & riesgo_vital_textual <= 0.500 & signal_rescate > 0.500; riesgo_vital_textual > 0.500 & cat_sanitario <= 0.500 & signal_fallecido <= 0.500; signal_accidente_trafico > 0.500 & signal_varias_llamadas > 0.500.,0.96,True,,2.0,2.0,1.6,2.0,1.0,1.0
REV-032,balanced_p3,1284232745710,P3,P3,degraded-static-v0.1.0,2,3,Incidente clasificado como URGENCIA MEDIA (P3). Reglas activadas: signal_accidente_trafico <= 0.500 & riesgo_vital_textual <= 0.500 & signal_rescate > 0.500; riesgo_vital_textual > 0.500 & cat_sanitario <= 0.500 & signal_fallecido <= 0.500; signal_accidente_trafico > 0.500 & signal_varias_llamadas > 0.500.,0.96,True,,2.0,2.0,1.6,2.0,1.0,1.0
REV-033,balanced_p3,1284268887129,P3,P3,degraded-static-v0.1.0,2,3,Incidente clasificado como URGENCIA MEDIA (P3). Reglas activadas: signal_accidente_trafico <= 0.500 & riesgo_vital_textual <= 0.500 & signal_rescate > 0.500; riesgo_vital_textual > 0.500 & cat_sanitario <= 0.500 & signal_fallecido <= 0.500; signal_accidente_trafico > 0.500 & signal_varias_llamadas > 0.500.,0.96,True,,2.0,2.0,1.6,2.0,1.0,1.0
REV-034,balanced_p3,1284286290602,P3,P3,degraded-static-v0.1.0,2,3,Incidente clasificado como URGENCIA MEDIA (P3). Reglas activadas: signal_accidente_trafico <= 0.500 & riesgo_vital_textual <= 0.500 & signal_rescate > 0.500; riesgo_vital_textual > 0.500 & cat_sanitario <= 0.500 & signal_fallecido <= 0.500; signal_accidente_trafico > 0.500 & signal_varias_llamadas > 0.500.,0.96,True,,2.0,2.0,1.6,2.0,1.0,1.0
REV-035,balanced_p3,1284528159521,P3,P2,degraded-static-v0.1.0,3,3,Incidente clasificado como URGENCIA ALTA (P2). Reglas activadas: riesgo_vital_textual <= 0.500 & signal_meteo_inundacion <= 0.500 & signal_varias_llamadas <= 0.500; riesgo_vital_textual <= 0.500 & signal_accidente_trafico > 0.500 & signal_incendio > 0.500; riesgo_vital_textual > 0.500 & signal_accidente_trafico > 0.500 & signal_rescate > 0.500.,0.942857,True,,2.0,2.0,1.428571,2.0,1.0,1.0
REV-036,balanced_p3,1284564109027,P3,P3,degraded-static-v0.1.0,2,3,Incidente clasificado como URGENCIA MEDIA (P3). Reglas activadas: signal_accidente_trafico <= 0.500 & riesgo_vital_textual <= 0.500 & signal_rescate > 0.500; riesgo_vital_textual > 0.500 & cat_sanitario <= 0.500 & signal_fallecido <= 0.500; signal_accidente_trafico > 0.500 & signal_varias_llamadas > 0.500.,0.96,True,,2.0,2.0,1.6,2.0,1.0,1.0
REV-037,balanced_p3,1284794038831,P3,P3,degraded-static-v0.1.0,2,3,Incidente clasificado como URGENCIA MEDIA (P3). Reglas activadas: signal_accidente_trafico <= 0.500 & riesgo_vital_textual <= 0.500 & signal_rescate > 0.500; riesgo_vital_textual > 0.500 & cat_sanitario <= 0.500 & signal_fallecido <= 0.500; signal_accidente_trafico > 0.500 & signal_varias_llamadas > 0.500.,0.96,True,,2.0,2.0,1.6,2.0,1.0,1.0
REV-038,balanced_p3,1284840091432,P3,P3,degraded-static-v0.1.0,2,3,Incidente clasificado como URGENCIA MEDIA (P3). Reglas activadas: signal_accidente_trafico <= 0.500 & riesgo_vital_textual <= 0.500 & signal_rescate > 0.500; riesgo_vital_textual > 0.500 & cat_sanitario <= 0.500 & signal_fallecido <= 0.500; signal_accidente_trafico > 0.500 & signal_varias_llamadas > 0.500.,0.96,True,,2.0,2.0,1.6,2.0,1.0,1.0
REV-039,balanced_p3,1284840325099,P3,P3,degraded-static-v0.1.0,2,3,Incidente clasificado como URGENCIA MEDIA (P3). Reglas activadas: signal_accidente_trafico <= 0.500 & riesgo_vital_textual <= 0.500 & signal_rescate > 0.500; riesgo_vital_textual > 0.500 & cat_sanitario <= 0.500 & signal_fallecido <= 0.500; signal_accidente_trafico > 0.500 & signal_varias_llamadas > 0.500.,0.96,True,,2.0,2.0,1.6,2.0,1.0,1.0
REV-040,balanced_p3,1284875853910,P3,P3,degraded-static-v0.1.0,2,3,Incidente clasificado como URGENCIA MEDIA (P3). Reglas activadas: signal_accidente_trafico <= 0.500 & riesgo_vital_textual <= 0.500 & signal_rescate > 0.500; riesgo_vital_textual > 0.500 & cat_sanitario <= 0.500 & signal_fallecido <= 0.500; signal_accidente_trafico > 0.500 & signal_varias_llamadas > 0.500.,0.96,True,,2.0,2.0,1.6,2.0,1.0,1.0
REV-041,balanced_p3,1285039178879,P3,P3,degraded-static-v0.1.0,2,3,Incidente clasificado como URGENCIA MEDIA (P3). Reglas activadas: signal_accidente_trafico <= 0.500 & riesgo_vital_textual <= 0.500 & signal_rescate > 0.500; riesgo_vital_textual > 0.500 & cat_sanitario <= 0.500 & signal_fallecido <= 0.500; signal_accidente_trafico > 0.500 & signal_varias_llamadas > 0.500.,0.96,True,,2.0,2.0,1.6,2.0,1.0,1.0
REV-042,balanced_p3,1285070757273,P3,P3,degraded-static-v0.1.0,3,3,Incidente clasificado como URGENCIA MEDIA (P3). Reglas activadas: signal_accidente_trafico <= 0.500 & riesgo_vital_textual <= 0.500 & signal_rescate > 0.500; riesgo_vital_textual > 0.500 & cat_sanitario <= 0.500 & signal_fallecido <= 0.500; signal_accidente_trafico > 0.500 & signal_varias_llamadas > 0.500.,0.96,True,,2.0,2.0,1.6,2.0,1.0,1.0
REV-043,balanced_p3,1285076049956,P3,P3,degraded-static-v0.1.0,2,3,Incidente clasificado como URGENCIA MEDIA (P3). Reglas activadas: signal_accidente_trafico <= 0.500 & riesgo_vital_textual <= 0.500 & signal_rescate > 0.500; riesgo_vital_textual > 0.500 & cat_sanitario <= 0.500 & signal_fallecido <= 0.500; signal_accidente_trafico > 0.500 & signal_varias_llamadas > 0.500.,0.96,True,,2.0,2.0,1.6,2.0,1.0,1.0
REV-044,balanced_p3,1285202203443,P3,P2,degraded-static-v0.1.0,3,3,Incidente clasificado como URGENCIA ALTA (P2). Reglas activadas: riesgo_vital_textual <= 0.500 & signal_meteo_inundacion <= 0.500 & signal_varias_llamadas <= 0.500; riesgo_vital_textual <= 0.500 & signal_accidente_trafico > 0.500 & signal_incendio > 0.500; riesgo_vital_textual > 0.500 & signal_accidente_trafico > 0.500 & signal_rescate > 0.500.,0.966667,True,,2.0,2.0,1.666667,2.0,1.0,1.0
REV-045,balanced_p3,1285211160165,P3,P3,degraded-static-v0.1.0,2,3,Incidente clasificado como URGENCIA MEDIA (P3). Reglas activadas: signal_accidente_trafico <= 0.500 & riesgo_vital_textual <= 0.500 & signal_rescate > 0.500; riesgo_vital_textual > 0.500 & cat_sanitario <= 0.500 & signal_fallecido <= 0.500; signal_accidente_trafico > 0.500 & signal_varias_llamadas > 0.500.,0.96,True,,2.0,2.0,1.6,2.0,1.0,1.0
REV-046,balanced_p4,1229077240791,P4,P4,degraded-static-v0.1.0,3,3,Incidente clasificado como PRIORIDAD BAJA (P4). Reglas activadas: signal_accidente_trafico <= 0.500 & riesgo_vital_textual <= 0.500 & signal_rescate <= 0.500; riesgo_vital_textual <= 0.500 & signal_meteo_inundacion <= 0.500 & signal_varias_llamadas <= 0.500; signal_intoxicacion <= 0.500 & signal_meteo_inundacion <= 0.500 & signal_fallecido <= 0.500.,0.971429,True,,2.0,2.0,1.714286,2.0,1.0,1.0
REV-047,balanced_p4,1284190683398,P4,P4,degraded-static-v0.1.0,3,3,Incidente clasificado como PRIORIDAD BAJA (P4). Reglas activadas: signal_accidente_trafico <= 0.500 & riesgo_vital_textual <= 0.500 & signal_rescate <= 0.500; riesgo_vital_textual <= 0.500 & signal_meteo_inundacion <= 0.500 & signal_varias_llamadas <= 0.500; signal_intoxicacion <= 0.500 & signal_meteo_inundacion <= 0.500 & signal_fallecido <= 0.500.,0.971429,True,,2.0,2.0,1.714286,2.0,1.0,1.0
REV-048,balanced_p4,1284205692397,P4,P4,degraded-static-v0.1.0,3,3,Incidente clasificado como PRIORIDAD BAJA (P4). Reglas activadas: signal_accidente_trafico <= 0.500 & riesgo_vital_textual <= 0.500 & signal_rescate <= 0.500; riesgo_vital_textual <= 0.500 & signal_meteo_inundacion <= 0.500 & signal_varias_llamadas <= 0.500; signal_intoxicacion <= 0.500 & signal_meteo_inundacion <= 0.500 & signal_fallecido <= 0.500.,0.971429,True,,2.0,2.0,1.714286,2.0,1.0,1.0
REV-049,balanced_p4,1284276298043,P4,P4,degraded-static-v0.1.0,3,3,Incidente clasificado como PRIORIDAD BAJA (P4). Reglas activadas: signal_accidente_trafico <= 0.500 & riesgo_vital_textual <= 0.500 & signal_rescate <= 0.500; riesgo_vital_textual <= 0.500 & signal_meteo_inundacion <= 0.500 & signal_varias_llamadas <= 0.500; signal_intoxicacion <= 0.500 & signal_meteo_inundacion <= 0.500 & signal_fallecido <= 0.500.,0.971429,True,,2.0,2.0,1.714286,2.0,1.0,1.0
REV-050,balanced_p4,1284278992651,P4,P4,degraded-static-v0.1.0,3,3,Incidente clasificado como PRIORIDAD BAJA (P4). Reglas activadas: signal_accidente_trafico <= 0.500 & riesgo_vital_textual <= 0.500 & signal_rescate <= 0.500; riesgo_vital_textual <= 0.500 & signal_meteo_inundacion <= 0.500 & signal_varias_llamadas <= 0.500; signal_intoxicacion <= 0.500 & signal_meteo_inundacion <= 0.500 & signal_fallecido <= 0.500.,0.971429,True,,2.0,2.0,1.714286,2.0,1.0,1.0
REV-051,balanced_p4,1284280402057,P4,P4,degraded-static-v0.1.0,3,3,Incidente clasificado como PRIORIDAD BAJA (P4). Reglas activadas: signal_accidente_trafico <= 0.500 & riesgo_vital_textual <= 0.500 & signal_rescate <= 0.500; riesgo_vital_textual <= 0.500 & signal_meteo_inundacion <= 0.500 & signal_varias_llamadas <= 0.500; signal_intoxicacion <= 0.500 & signal_meteo_inundacion <= 0.500 & signal_fallecido <= 0.500.,0.971429,True,,2.0,2.0,1.714286,2.0,1.0,1.0
REV-052,balanced_p4,1284300364269,P4,P4,degraded-static-v0.1.0,3,3,Incidente clasificado como PRIORIDAD BAJA (P4). Reglas activadas: signal_accidente_trafico <= 0.500 & riesgo_vital_textual <= 0.500 & signal_rescate <= 0.500; riesgo_vital_textual <= 0.500 & signal_meteo_inundacion <= 0.500 & signal_varias_llamadas <= 0.500; signal_intoxicacion <= 0.500 & signal_meteo_inundacion <= 0.500 & signal_fallecido <= 0.500.,0.971429,True,,2.0,2.0,1.714286,2.0,1.0,1.0
REV-053,balanced_p4,1284458357105,P4,P4,degraded-static-v0.1.0,3,3,Incidente clasificado como PRIORIDAD BAJA (P4). Reglas activadas: signal_accidente_trafico <= 0.500 & riesgo_vital_textual <= 0.500 & signal_rescate <= 0.500; riesgo_vital_textual <= 0.500 & signal_meteo_inundacion <= 0.500 & signal_varias_llamadas <= 0.500; signal_intoxicacion <= 0.500 & signal_meteo_inundacion <= 0.500 & signal_fallecido <= 0.500.,0.971429,True,,2.0,2.0,1.714286,2.0,1.0,1.0
REV-054,balanced_p4,1284564434964,P4,P4,degraded-static-v0.1.0,3,3,Incidente clasificado como PRIORIDAD BAJA (P4). Reglas activadas: signal_accidente_trafico <= 0.500 & riesgo_vital_textual <= 0.500 & signal_rescate <= 0.500; riesgo_vital_textual <= 0.500 & signal_meteo_inundacion <= 0.500 & signal_varias_llamadas <= 0.500; signal_intoxicacion <= 0.500 & signal_meteo_inundacion <= 0.500 & signal_fallecido <= 0.500.,0.971429,True,,2.0,2.0,1.714286,2.0,1.0,1.0
REV-055,balanced_p4,1284713341158,P4,P4,degraded-static-v0.1.0,3,3,Incidente clasificado como PRIORIDAD BAJA (P4). Reglas activadas: signal_accidente_trafico <= 0.500 & riesgo_vital_textual <= 0.500 & signal_rescate <= 0.500; riesgo_vital_textual <= 0.500 & signal_meteo_inundacion <= 0.500 & signal_varias_llamadas <= 0.500; signal_intoxicacion <= 0.500 & signal_meteo_inundacion <= 0.500 & signal_fallecido <= 0.500.,0.971429,True,,2.0,2.0,1.714286,2.0,1.0,1.0
REV-056,balanced_p4,1284732089518,P4,P4,degraded-static-v0.1.0,3,3,Incidente clasificado como PRIORIDAD BAJA (P4). Reglas activadas: signal_accidente_trafico <= 0.500 & riesgo_vital_textual <= 0.500 & signal_rescate <= 0.500; riesgo_vital_textual <= 0.500 & signal_meteo_inundacion <= 0.500 & signal_varias_llamadas <= 0.500; signal_intoxicacion <= 0.500 & signal_meteo_inundacion <= 0.500 & signal_fallecido <= 0.500.,0.971429,True,,2.0,2.0,1.714286,2.0,1.0,1.0
REV-057,balanced_p4,1284876231838,P4,P4,degraded-static-v0.1.0,3,3,Incidente clasificado como PRIORIDAD BAJA (P4). Reglas activadas: signal_accidente_trafico <= 0.500 & riesgo_vital_textual <= 0.500 & signal_rescate <= 0.500; riesgo_vital_textual <= 0.500 & signal_meteo_inundacion <= 0.500 & signal_varias_llamadas <= 0.500; signal_intoxicacion <= 0.500 & signal_meteo_inundacion <= 0.500 & signal_fallecido <= 0.500.,0.971429,True,,2.0,2.0,1.714286,2.0,1.0,1.0
REV-058,balanced_p4,1284888204958,P4,P4,degraded-static-v0.1.0,2,3,Incidente clasificado como PRIORIDAD BAJA (P4). Reglas activadas: signal_accidente_trafico <= 0.500 & riesgo_vital_textual <= 0.500 & signal_rescate <= 0.500; riesgo_vital_textual <= 0.500 & signal_meteo_inundacion <= 0.500 & signal_varias_llamadas <= 0.500; signal_intoxicacion <= 0.500 & signal_meteo_inundacion <= 0.500 & signal_fallecido <= 0.500.,0.971429,True,,2.0,2.0,1.714286,2.0,1.0,1.0
REV-059,balanced_p4,1285070679701,P4,P4,degraded-static-v0.1.0,3,3,Incidente clasificado como PRIORIDAD BAJA (P4). Reglas activadas: signal_accidente_trafico <= 0.500 & riesgo_vital_textual <= 0.500 & signal_rescate <= 0.500; riesgo_vital_textual <= 0.500 & signal_meteo_inundacion <= 0.500 & signal_varias_llamadas <= 0.500; signal_intoxicacion <= 0.500 & signal_meteo_inundacion <= 0.500 & signal_fallecido <= 0.500.,0.971429,True,,2.0,2.0,1.714286,2.0,1.0,1.0
REV-060,balanced_p4,1285181119182,P4,P4,degraded-static-v0.1.0,3,3,Incidente clasificado como PRIORIDAD BAJA (P4). Reglas activadas: signal_accidente_trafico <= 0.500 & riesgo_vital_textual <= 0.500 & signal_rescate <= 0.500; riesgo_vital_textual <= 0.500 & signal_meteo_inundacion <= 0.500 & signal_varias_llamadas <= 0.500; signal_intoxicacion <= 0.500 & signal_meteo_inundacion <= 0.500 & signal_fallecido <= 0.500.,0.971429,True,,2.0,2.0,1.714286,2.0,1.0,1.0
REV-061,critical_p1_false_negative,1223038406360,P1,P3,degraded-static-v0.1.0,3,3,Incidente clasificado como URGENCIA MEDIA (P3). Reglas activadas: signal_accidente_trafico <= 0.500 & riesgo_vital_textual <= 0.500 & signal_rescate > 0.500; riesgo_vital_textual > 0.500 & cat_sanitario <= 0.500 & signal_fallecido <= 0.500; signal_accidente_trafico > 0.500 & signal_varias_llamadas > 0.500.,0.96,True,,2.0,2.0,1.6,2.0,1.0,1.0
REV-062,critical_p1_false_negative,1230985085280,P1,P2,degraded-static-v0.1.0,3,3,Incidente clasificado como URGENCIA ALTA (P2). Reglas activadas: riesgo_vital_textual <= 0.500 & signal_meteo_inundacion <= 0.500 & signal_varias_llamadas <= 0.500; riesgo_vital_textual <= 0.500 & signal_accidente_trafico > 0.500 & signal_incendio > 0.500; riesgo_vital_textual > 0.500 & signal_accidente_trafico > 0.500 & signal_rescate > 0.500.,0.942857,True,,2.0,2.0,1.428571,2.0,1.0,1.0
REV-063,critical_p1_false_negative,1262861277427,P1,P3,degraded-static-v0.1.0,2,3,Incidente clasificado como URGENCIA MEDIA (P3). Reglas activadas: signal_accidente_trafico <= 0.500 & riesgo_vital_textual <= 0.500 & signal_rescate > 0.500; riesgo_vital_textual > 0.500 & cat_sanitario <= 0.500 & signal_fallecido <= 0.500; signal_accidente_trafico > 0.500 & signal_varias_llamadas > 0.500.,0.96,True,,2.0,2.0,1.6,2.0,1.0,1.0
REV-064,critical_p1_false_negative,1270553790106,P1,P2,degraded-static-v0.1.0,2,3,Incidente clasificado como URGENCIA ALTA (P2). Reglas activadas: riesgo_vital_textual <= 0.500 & signal_meteo_inundacion <= 0.500 & signal_varias_llamadas <= 0.500; riesgo_vital_textual <= 0.500 & signal_accidente_trafico > 0.500 & signal_incendio > 0.500; riesgo_vital_textual > 0.500 & signal_accidente_trafico > 0.500 & signal_rescate > 0.500.,0.966667,True,,2.0,2.0,1.666667,2.0,1.0,1.0
REV-065,critical_p1_false_negative,1279643085448,P1,P3,degraded-static-v0.1.0,2,3,Incidente clasificado como URGENCIA MEDIA (P3). Reglas activadas: signal_accidente_trafico <= 0.500 & riesgo_vital_textual <= 0.500 & signal_rescate > 0.500; riesgo_vital_textual > 0.500 & cat_sanitario <= 0.500 & signal_fallecido <= 0.500; signal_accidente_trafico > 0.500 & signal_varias_llamadas > 0.500.,0.96,True,,2.0,2.0,1.6,2.0,1.0,1.0
REV-066,critical_p1_false_negative,1284151389430,P1,P2,degraded-static-v0.1.0,3,3,Incidente clasificado como URGENCIA ALTA (P2). Reglas activadas: riesgo_vital_textual <= 0.500 & signal_meteo_inundacion <= 0.500 & signal_varias_llamadas <= 0.500; riesgo_vital_textual <= 0.500 & signal_accidente_trafico > 0.500 & signal_incendio > 0.500; riesgo_vital_textual > 0.500 & signal_accidente_trafico > 0.500 & signal_rescate > 0.500.,0.942857,True,,2.0,2.0,1.428571,2.0,1.0,1.0
REV-067,critical_p1_false_negative,1284174794047,P1,P2,degraded-static-v0.1.0,3,3,Incidente clasificado como URGENCIA ALTA (P2). Reglas activadas: riesgo_vital_textual <= 0.500 & signal_meteo_inundacion <= 0.500 & signal_varias_llamadas <= 0.500; riesgo_vital_textual <= 0.500 & signal_accidente_trafico > 0.500 & signal_incendio > 0.500; riesgo_vital_textual > 0.500 & signal_accidente_trafico > 0.500 & signal_rescate > 0.500.,0.942857,True,,2.0,2.0,1.428571,2.0,1.0,1.0
REV-068,critical_p1_false_negative,1284192281005,P1,P2,degraded-static-v0.1.0,2,3,Incidente clasificado como URGENCIA ALTA (P2). Reglas activadas: riesgo_vital_textual <= 0.500 & signal_meteo_inundacion <= 0.500 & signal_varias_llamadas <= 0.500; riesgo_vital_textual <= 0.500 & signal_accidente_trafico > 0.500 & signal_incendio > 0.500; riesgo_vital_textual > 0.500 & signal_accidente_trafico > 0.500 & signal_rescate > 0.500.,0.942857,True,,2.0,2.0,1.428571,2.0,1.0,1.0
REV-069,critical_p1_false_negative,1284215731770,P1,P3,degraded-static-v0.1.0,2,3,Incidente clasificado como URGENCIA MEDIA (P3). Reglas activadas: signal_accidente_trafico <= 0.500 & riesgo_vital_textual <= 0.500 & signal_rescate > 0.500; riesgo_vital_textual > 0.500 & cat_sanitario <= 0.500 & signal_fallecido <= 0.500; signal_accidente_trafico > 0.500 & signal_varias_llamadas > 0.500.,0.96,True,,2.0,2.0,1.6,2.0,1.0,1.0
REV-070,critical_p1_false_negative,1284233465672,P1,P3,degraded-static-v0.1.0,2,3,Incidente clasificado como URGENCIA MEDIA (P3). Reglas activadas: signal_accidente_trafico <= 0.500 & riesgo_vital_textual <= 0.500 & signal_rescate > 0.500; riesgo_vital_textual > 0.500 & cat_sanitario <= 0.500 & signal_fallecido <= 0.500; signal_accidente_trafico > 0.500 & signal_varias_llamadas > 0.500.,0.96,True,,2.0,2.0,1.6,2.0,1.0,1.0
REV-071,critical_p1_false_negative,1284236045269,P1,P3,degraded-static-v0.1.0,3,3,Incidente clasificado como URGENCIA MEDIA (P3). Reglas activadas: signal_accidente_trafico <= 0.500 & riesgo_vital_textual <= 0.500 & signal_rescate > 0.500; riesgo_vital_textual > 0.500 & cat_sanitario <= 0.500 & signal_fallecido <= 0.500; signal_accidente_trafico > 0.500 & signal_varias_llamadas > 0.500.,0.933333,True,,2.0,2.0,1.333333,2.0,1.0,1.0
REV-072,critical_p1_false_negative,1284244036765,P1,P2,degraded-static-v0.1.0,3,3,Incidente clasificado como URGENCIA ALTA (P2). Reglas activadas: riesgo_vital_textual <= 0.500 & signal_meteo_inundacion <= 0.500 & signal_varias_llamadas <= 0.500; riesgo_vital_textual <= 0.500 & signal_accidente_trafico > 0.500 & signal_incendio > 0.500; riesgo_vital_textual > 0.500 & signal_accidente_trafico > 0.500 & signal_rescate > 0.500.,0.942857,True,,2.0,2.0,1.428571,2.0,1.0,1.0
REV-073,critical_p1_false_negative,1284253833540,P1,P2,degraded-static-v0.1.0,2,3,Incidente clasificado como URGENCIA ALTA (P2). Reglas activadas: riesgo_vital_textual <= 0.500 & signal_meteo_inundacion <= 0.500 & signal_varias_llamadas <= 0.500; riesgo_vital_textual <= 0.500 & signal_accidente_trafico > 0.500 & signal_incendio > 0.500; riesgo_vital_textual > 0.500 & signal_accidente_trafico > 0.500 & signal_rescate > 0.500.,0.966667,True,,2.0,2.0,1.666667,2.0,1.0,1.0
REV-074,critical_p1_false_negative,1284275718925,P1,P3,degraded-static-v0.1.0,2,3,Incidente clasificado como URGENCIA MEDIA (P3). Reglas activadas: signal_accidente_trafico <= 0.500 & riesgo_vital_textual <= 0.500 & signal_rescate > 0.500; riesgo_vital_textual > 0.500 & cat_sanitario <= 0.500 & signal_fallecido <= 0.500; signal_accidente_trafico > 0.500 & signal_varias_llamadas > 0.500.,0.96,True,,2.0,2.0,1.6,2.0,1.0,1.0
REV-075,critical_p1_false_negative,1284321243049,P1,P2,degraded-static-v0.1.0,2,3,Incidente clasificado como URGENCIA ALTA (P2). Reglas activadas: riesgo_vital_textual <= 0.500 & signal_meteo_inundacion <= 0.500 & signal_varias_llamadas <= 0.500; riesgo_vital_textual <= 0.500 & signal_accidente_trafico > 0.500 & signal_incendio > 0.500; riesgo_vital_textual > 0.500 & signal_accidente_trafico > 0.500 & signal_rescate > 0.500.,0.966667,True,,2.0,2.0,1.666667,2.0,1.0,1.0
REV-076,critical_p1_false_negative,1284348206545,P1,P2,degraded-static-v0.1.0,3,3,Incidente clasificado como URGENCIA ALTA (P2). Reglas activadas: riesgo_vital_textual <= 0.500 & signal_meteo_inundacion <= 0.500 & signal_varias_llamadas <= 0.500; riesgo_vital_textual <= 0.500 & signal_accidente_trafico > 0.500 & signal_incendio > 0.500; riesgo_vital_textual > 0.500 & signal_accidente_trafico > 0.500 & signal_rescate > 0.500.,0.942857,True,,2.0,2.0,1.428571,2.0,1.0,1.0
REV-077,critical_p1_false_negative,1284356668165,P1,P3,degraded-static-v0.1.0,2,3,Incidente clasificado como URGENCIA MEDIA (P3). Reglas activadas: signal_accidente_trafico <= 0.500 & riesgo_vital_textual <= 0.500 & signal_rescate > 0.500; riesgo_vital_textual > 0.500 & cat_sanitario <= 0.500 & signal_fallecido <= 0.500; signal_accidente_trafico > 0.500 & signal_varias_llamadas > 0.500.,0.96,True,,2.0,2.0,1.6,2.0,1.0,1.0
REV-078,critical_p1_false_negative,1284362771113,P1,P3,degraded-static-v0.1.0,2,3,Incidente clasificado como URGENCIA MEDIA (P3). Reglas activadas: signal_accidente_trafico <= 0.500 & riesgo_vital_textual <= 0.500 & signal_rescate > 0.500; riesgo_vital_textual > 0.500 & cat_sanitario <= 0.500 & signal_fallecido <= 0.500; signal_accidente_trafico > 0.500 & signal_varias_llamadas > 0.500.,0.96,True,,2.0,2.0,1.6,2.0,1.0,1.0
REV-079,critical_p1_false_negative,1284388282662,P1,P3,degraded-static-v0.1.0,2,3,Incidente clasificado como URGENCIA MEDIA (P3). Reglas activadas: signal_accidente_trafico <= 0.500 & riesgo_vital_textual <= 0.500 & signal_rescate > 0.500; riesgo_vital_textual > 0.500 & cat_sanitario <= 0.500 & signal_fallecido <= 0.500; signal_accidente_trafico > 0.500 & signal_varias_llamadas > 0.500.,0.96,True,,2.0,2.0,1.6,2.0,1.0,1.0
REV-080,critical_p1_false_negative,1284421939160,P1,P2,degraded-static-v0.1.0,2,3,Incidente clasificado como URGENCIA ALTA (P2). Reglas activadas: riesgo_vital_textual <= 0.500 & signal_meteo_inundacion <= 0.500 & signal_varias_llamadas <= 0.500; riesgo_vital_textual <= 0.500 & signal_accidente_trafico > 0.500 & signal_incendio > 0.500; riesgo_vital_textual > 0.500 & signal_accidente_trafico > 0.500 & signal_rescate > 0.500.,0.942857,True,,2.0,2.0,1.428571,2.0,1.0,1.0
REV-081,critical_p1_false_negative,1284439842261,P1,P2,degraded-static-v0.1.0,3,3,Incidente clasificado como URGENCIA ALTA (P2). Reglas activadas: riesgo_vital_textual <= 0.500 & signal_meteo_inundacion <= 0.500 & signal_varias_llamadas <= 0.500; riesgo_vital_textual <= 0.500 & signal_accidente_trafico > 0.500 & signal_incendio > 0.500; riesgo_vital_textual > 0.500 & signal_accidente_trafico > 0.500 & signal_rescate > 0.500.,0.942857,True,,2.0,2.0,1.428571,2.0,1.0,1.0
REV-082,critical_p1_false_negative,1284458705848,P1,P2,degraded-static-v0.1.0,3,3,Incidente clasificado como URGENCIA ALTA (P2). Reglas activadas: riesgo_vital_textual <= 0.500 & signal_meteo_inundacion <= 0.500 & signal_varias_llamadas <= 0.500; riesgo_vital_textual <= 0.500 & signal_accidente_trafico > 0.500 & signal_incendio > 0.500; riesgo_vital_textual > 0.500 & signal_accidente_trafico > 0.500 & signal_rescate > 0.500.,0.942857,True,,2.0,2.0,1.428571,2.0,1.0,1.0
REV-083,critical_p1_false_negative,1284474728212,P1,P3,degraded-static-v0.1.0,2,3,Incidente clasificado como URGENCIA MEDIA (P3). Reglas activadas: signal_accidente_trafico <= 0.500 & riesgo_vital_textual <= 0.500 & signal_rescate > 0.500; riesgo_vital_textual > 0.500 & cat_sanitario <= 0.500 & signal_fallecido <= 0.500; signal_accidente_trafico > 0.500 & signal_varias_llamadas > 0.500.,0.96,True,,2.0,2.0,1.6,2.0,1.0,1.0
REV-084,critical_p1_false_negative,1284657649620,P1,P2,degraded-static-v0.1.0,2,3,Incidente clasificado como URGENCIA ALTA (P2). Reglas activadas: riesgo_vital_textual <= 0.500 & signal_meteo_inundacion <= 0.500 & signal_varias_llamadas <= 0.500; riesgo_vital_textual <= 0.500 & signal_accidente_trafico > 0.500 & signal_incendio > 0.500; riesgo_vital_textual > 0.500 & signal_accidente_trafico > 0.500 & signal_rescate > 0.500.,0.966667,True,,2.0,2.0,1.666667,2.0,1.0,1.0
REV-085,critical_p1_false_negative,1284683468161,P1,P2,degraded-static-v0.1.0,3,3,Incidente clasificado como URGENCIA ALTA (P2). Reglas activadas: riesgo_vital_textual <= 0.500 & signal_meteo_inundacion <= 0.500 & signal_varias_llamadas <= 0.500; riesgo_vital_textual <= 0.500 & signal_accidente_trafico > 0.500 & signal_incendio > 0.500; riesgo_vital_textual > 0.500 & signal_accidente_trafico > 0.500 & signal_rescate > 0.500.,0.942857,True,,2.0,2.0,1.428571,2.0,1.0,1.0
REV-086,critical_p1_false_negative,1284699325295,P1,P3,degraded-static-v0.1.0,2,3,Incidente clasificado como URGENCIA MEDIA (P3). Reglas activadas: signal_accidente_trafico <= 0.500 & riesgo_vital_textual <= 0.500 & signal_rescate > 0.500; riesgo_vital_textual > 0.500 & cat_sanitario <= 0.500 & signal_fallecido <= 0.500; signal_accidente_trafico > 0.500 & signal_varias_llamadas > 0.500.,0.96,True,,2.0,2.0,1.6,2.0,1.0,1.0
REV-087,critical_p1_false_negative,1284703761888,P1,P3,degraded-static-v0.1.0,2,3,Incidente clasificado como URGENCIA MEDIA (P3). Reglas activadas: signal_accidente_trafico <= 0.500 & riesgo_vital_textual <= 0.500 & signal_rescate > 0.500; riesgo_vital_textual > 0.500 & cat_sanitario <= 0.500 & signal_fallecido <= 0.500; signal_accidente_trafico > 0.500 & signal_varias_llamadas > 0.500.,0.96,True,,2.0,2.0,1.6,2.0,1.0,1.0
REV-088,critical_p1_false_negative,1284724815842,P1,P3,degraded-static-v0.1.0,2,3,Incidente clasificado como URGENCIA MEDIA (P3). Reglas activadas: signal_accidente_trafico <= 0.500 & riesgo_vital_textual <= 0.500 & signal_rescate > 0.500; riesgo_vital_textual > 0.500 & cat_sanitario <= 0.500 & signal_fallecido <= 0.500; signal_accidente_trafico > 0.500 & signal_varias_llamadas > 0.500.,0.96,True,,2.0,2.0,1.6,2.0,1.0,1.0
REV-089,critical_p1_false_negative,1284732424601,P1,P2,degraded-static-v0.1.0,3,3,Incidente clasificado como URGENCIA ALTA (P2). Reglas activadas: riesgo_vital_textual <= 0.500 & signal_meteo_inundacion <= 0.500 & signal_varias_llamadas <= 0.500; riesgo_vital_textual <= 0.500 & signal_accidente_trafico > 0.500 & signal_incendio > 0.500; riesgo_vital_textual > 0.500 & signal_accidente_trafico > 0.500 & signal_rescate > 0.500.,0.942857,True,,2.0,2.0,1.428571,2.0,1.0,1.0
REV-090,critical_p1_false_negative,1284741052809,P1,P2,degraded-static-v0.1.0,3,3,Incidente clasificado como URGENCIA ALTA (P2). Reglas activadas: riesgo_vital_textual <= 0.500 & signal_meteo_inundacion <= 0.500 & signal_varias_llamadas <= 0.500; riesgo_vital_textual <= 0.500 & signal_accidente_trafico > 0.500 & signal_incendio > 0.500; riesgo_vital_textual > 0.500 & signal_accidente_trafico > 0.500 & signal_rescate > 0.500.,0.942857,True,,2.0,2.0,1.428571,2.0,1.0,1.0
REV-091,critical_p1_false_negative,1284748353237,P1,P2,degraded-static-v0.1.0,2,3,Incidente clasificado como URGENCIA ALTA (P2). Reglas activadas: riesgo_vital_textual <= 0.500 & signal_meteo_inundacion <= 0.500 & signal_varias_llamadas <= 0.500; riesgo_vital_textual <= 0.500 & signal_accidente_trafico > 0.500 & signal_incendio > 0.500; riesgo_vital_textual > 0.500 & signal_accidente_trafico > 0.500 & signal_rescate > 0.500.,0.966667,True,,2.0,2.0,1.666667,2.0,1.0,1.0
REV-092,critical_p1_false_negative,1284757304211,P1,P2,degraded-static-v0.1.0,2,3,Incidente clasificado como URGENCIA ALTA (P2). Reglas activadas: riesgo_vital_textual <= 0.500 & signal_meteo_inundacion <= 0.500 & signal_varias_llamadas <= 0.500; riesgo_vital_textual <= 0.500 & signal_accidente_trafico > 0.500 & signal_incendio > 0.500; riesgo_vital_textual > 0.500 & signal_accidente_trafico > 0.500 & signal_rescate > 0.500.,0.966667,True,,2.0,2.0,1.666667,2.0,1.0,1.0
REV-093,critical_p1_false_negative,1284783770218,P1,P2,degraded-static-v0.1.0,3,3,Incidente clasificado como URGENCIA ALTA (P2). Reglas activadas: riesgo_vital_textual <= 0.500 & signal_meteo_inundacion <= 0.500 & signal_varias_llamadas <= 0.500; riesgo_vital_textual <= 0.500 & signal_accidente_trafico > 0.500 & signal_incendio > 0.500; riesgo_vital_textual > 0.500 & signal_accidente_trafico > 0.500 & signal_rescate > 0.500.,0.925,True,,2.0,2.0,1.25,2.0,1.0,1.0
REV-094,critical_p1_false_negative,1284798958554,P1,P2,degraded-static-v0.1.0,2,3,Incidente clasificado como URGENCIA ALTA (P2). Reglas activadas: riesgo_vital_textual <= 0.500 & signal_meteo_inundacion <= 0.500 & signal_varias_llamadas <= 0.500; riesgo_vital_textual <= 0.500 & signal_accidente_trafico > 0.500 & signal_incendio > 0.500; riesgo_vital_textual > 0.500 & signal_accidente_trafico > 0.500 & signal_rescate > 0.500.,0.925,True,,2.0,2.0,1.25,2.0,1.0,1.0
REV-095,critical_p1_false_negative,1284810651540,P1,P3,degraded-static-v0.1.0,2,3,Incidente clasificado como URGENCIA MEDIA (P3). Reglas activadas: signal_accidente_trafico <= 0.500 & riesgo_vital_textual <= 0.500 & signal_rescate > 0.500; riesgo_vital_textual > 0.500 & cat_sanitario <= 0.500 & signal_fallecido <= 0.500; signal_accidente_trafico > 0.500 & signal_varias_llamadas > 0.500.,0.96,True,,2.0,2.0,1.6,2.0,1.0,1.0
REV-096,critical_p1_false_negative,1284821528517,P1,P3,degraded-static-v0.1.0,2,3,Incidente clasificado como URGENCIA MEDIA (P3). Reglas activadas: signal_accidente_trafico <= 0.500 & riesgo_vital_textual <= 0.500 & signal_rescate > 0.500; riesgo_vital_textual > 0.500 & cat_sanitario <= 0.500 & signal_fallecido <= 0.500; signal_accidente_trafico > 0.500 & signal_varias_llamadas > 0.500.,0.96,True,,2.0,2.0,1.6,2.0,1.0,1.0
REV-097,critical_p1_false_negative,1284831362400,P1,P2,degraded-static-v0.1.0,3,3,Incidente clasificado como URGENCIA ALTA (P2). Reglas activadas: riesgo_vital_textual <= 0.500 & signal_meteo_inundacion <= 0.500 & signal_varias_llamadas <= 0.500; riesgo_vital_textual <= 0.500 & signal_accidente_trafico > 0.500 & signal_incendio > 0.500; riesgo_vital_textual > 0.500 & signal_accidente_trafico > 0.500 & signal_rescate > 0.500.,0.942857,True,,2.0,2.0,1.428571,2.0,1.0,1.0
REV-098,critical_p1_false_negative,1284832031271,P1,P2,degraded-static-v0.1.0,3,3,Incidente clasificado como URGENCIA ALTA (P2). Reglas activadas: riesgo_vital_textual <= 0.500 & signal_meteo_inundacion <= 0.500 & signal_varias_llamadas <= 0.500; riesgo_vital_textual <= 0.500 & signal_accidente_trafico > 0.500 & signal_incendio > 0.500; riesgo_vital_textual > 0.500 & signal_accidente_trafico > 0.500 & signal_rescate > 0.500.,0.942857,True,,2.0,2.0,1.428571,2.0,1.0,1.0
REV-099,critical_p1_false_negative,1284836650706,P1,P2,degraded-static-v0.1.0,2,3,Incidente clasificado como URGENCIA ALTA (P2). Reglas activadas: riesgo_vital_textual <= 0.500 & signal_meteo_inundacion <= 0.500 & signal_varias_llamadas <= 0.500; riesgo_vital_textual <= 0.500 & signal_accidente_trafico > 0.500 & signal_incendio > 0.500; riesgo_vital_textual > 0.500 & signal_accidente_trafico > 0.500 & signal_rescate > 0.500.,0.942857,True,,2.0,2.0,1.428571,2.0,1.0,1.0
REV-100,critical_p1_false_negative,1284836945106,P1,P2,degraded-static-v0.1.0,2,3,Incidente clasificado como URGENCIA ALTA (P2). Reglas activadas: riesgo_vital_textual <= 0.500 & signal_meteo_inundacion <= 0.500 & signal_varias_llamadas <= 0.500; riesgo_vital_textual <= 0.500 & signal_accidente_trafico > 0.500 & signal_incendio > 0.500; riesgo_vital_textual > 0.500 & signal_accidente_trafico > 0.500 & signal_rescate > 0.500.,0.942857,True,,2.0,2.0,1.428571,2.0,1.0,1.0
REV-101,critical_p1_false_negative,1284889161029,P1,P2,degraded-static-v0.1.0,2,3,Incidente clasificado como URGENCIA ALTA (P2). Reglas activadas: riesgo_vital_textual <= 0.500 & signal_meteo_inundacion <= 0.500 & signal_varias_llamadas <= 0.500; riesgo_vital_textual <= 0.500 & signal_accidente_trafico > 0.500 & signal_incendio > 0.500; riesgo_vital_textual > 0.500 & signal_accidente_trafico > 0.500 & signal_rescate > 0.500.,0.966667,True,,2.0,2.0,1.666667,2.0,1.0,1.0
REV-102,critical_p1_false_negative,1284894266261,P1,P2,degraded-static-v0.1.0,3,3,Incidente clasificado como URGENCIA ALTA (P2). Reglas activadas: riesgo_vital_textual <= 0.500 & signal_meteo_inundacion <= 0.500 & signal_varias_llamadas <= 0.500; riesgo_vital_textual <= 0.500 & signal_accidente_trafico > 0.500 & signal_incendio > 0.500; riesgo_vital_textual > 0.500 & signal_accidente_trafico > 0.500 & signal_rescate > 0.500.,0.942857,True,,2.0,2.0,1.428571,2.0,1.0,1.0
REV-103,critical_p1_false_negative,1284902426255,P1,P3,degraded-static-v0.1.0,3,3,Incidente clasificado como URGENCIA MEDIA (P3). Reglas activadas: signal_accidente_trafico <= 0.500 & riesgo_vital_textual <= 0.500 & signal_rescate > 0.500; riesgo_vital_textual > 0.500 & cat_sanitario <= 0.500 & signal_fallecido <= 0.500; signal_accidente_trafico > 0.500 & signal_varias_llamadas > 0.500.,0.933333,True,,2.0,2.0,1.333333,2.0,1.0,1.0
REV-104,critical_p1_false_negative,1284919442574,P1,P3,degraded-static-v0.1.0,3,3,Incidente clasificado como URGENCIA MEDIA (P3). Reglas activadas: signal_accidente_trafico <= 0.500 & riesgo_vital_textual <= 0.500 & signal_rescate > 0.500; riesgo_vital_textual > 0.500 & cat_sanitario <= 0.500 & signal_fallecido <= 0.500; signal_accidente_trafico > 0.500 & signal_varias_llamadas > 0.500.,0.933333,True,,2.0,2.0,1.333333,2.0,1.0,1.0
REV-105,critical_p1_false_negative,1285032960407,P1,P2,degraded-static-v0.1.0,2,3,Incidente clasificado como URGENCIA ALTA (P2). Reglas activadas: riesgo_vital_textual <= 0.500 & signal_meteo_inundacion <= 0.500 & signal_varias_llamadas <= 0.500; riesgo_vital_textual <= 0.500 & signal_accidente_trafico > 0.500 & signal_incendio > 0.500; riesgo_vital_textual > 0.500 & signal_accidente_trafico > 0.500 & signal_rescate > 0.500.,0.942857,True,,2.0,2.0,1.428571,2.0,1.0,1.0
REV-106,critical_p1_false_negative,1285034390845,P1,P2,degraded-static-v0.1.0,3,3,Incidente clasificado como URGENCIA ALTA (P2). Reglas activadas: riesgo_vital_textual <= 0.500 & signal_meteo_inundacion <= 0.500 & signal_varias_llamadas <= 0.500; riesgo_vital_textual <= 0.500 & signal_accidente_trafico > 0.500 & signal_incendio > 0.500; riesgo_vital_textual > 0.500 & signal_accidente_trafico > 0.500 & signal_rescate > 0.500.,0.942857,True,,2.0,2.0,1.428571,2.0,1.0,1.0
REV-107,critical_p1_false_negative,1285082735713,P1,P2,degraded-static-v0.1.0,3,3,Incidente clasificado como URGENCIA ALTA (P2). Reglas activadas: riesgo_vital_textual <= 0.500 & signal_meteo_inundacion <= 0.500 & signal_varias_llamadas <= 0.500; riesgo_vital_textual <= 0.500 & signal_accidente_trafico > 0.500 & signal_incendio > 0.500; riesgo_vital_textual > 0.500 & signal_accidente_trafico > 0.500 & signal_rescate > 0.500.,0.942857,True,,2.0,2.0,1.428571,2.0,1.0,1.0
REV-108,critical_p1_false_negative,1285185057599,P1,P2,degraded-static-v0.1.0,3,3,Incidente clasificado como URGENCIA ALTA (P2). Reglas activadas: riesgo_vital_textual <= 0.500 & signal_meteo_inundacion <= 0.500 & signal_varias_llamadas <= 0.500; riesgo_vital_textual <= 0.500 & signal_accidente_trafico > 0.500 & signal_incendio > 0.500; riesgo_vital_textual > 0.500 & signal_accidente_trafico > 0.500 & signal_rescate > 0.500.,0.942857,True,,2.0,2.0,1.428571,2.0,1.0,1.0
REV-109,critical_p1_false_negative,1285193430131,P1,P2,degraded-static-v0.1.0,2,3,Incidente clasificado como URGENCIA ALTA (P2). Reglas activadas: riesgo_vital_textual <= 0.500 & signal_meteo_inundacion <= 0.500 & signal_varias_llamadas <= 0.500; riesgo_vital_textual <= 0.500 & signal_accidente_trafico > 0.500 & signal_incendio > 0.500; riesgo_vital_textual > 0.500 & signal_accidente_trafico > 0.500 & signal_rescate > 0.500.,0.966667,True,,2.0,2.0,1.666667,2.0,1.0,1.0
REV-110,critical_p1_false_negative,1285197536568,P1,P3,degraded-static-v0.1.0,2,3,Incidente clasificado como URGENCIA MEDIA (P3). Reglas activadas: signal_accidente_trafico <= 0.500 & riesgo_vital_textual <= 0.500 & signal_rescate > 0.500; riesgo_vital_textual > 0.500 & cat_sanitario <= 0.500 & signal_fallecido <= 0.500; signal_accidente_trafico > 0.500 & signal_varias_llamadas > 0.500.,0.96,True,,2.0,2.0,1.6,2.0,1.0,1.0
REV-111,critical_p1_false_negative,1285207846945,P1,P2,degraded-static-v0.1.0,2,3,Incidente clasificado como URGENCIA ALTA (P2). Reglas activadas: riesgo_vital_textual <= 0.500 & signal_meteo_inundacion <= 0.500 & signal_varias_llamadas <= 0.500; riesgo_vital_textual <= 0.500 & signal_accidente_trafico > 0.500 & signal_incendio > 0.500; riesgo_vital_textual > 0.500 & signal_accidente_trafico > 0.500 & signal_rescate > 0.500.,0.966667,True,,2.0,2.0,1.666667,2.0,1.0,1.0
